,CPUTime,OBJ,riderNum,meanVal,stdVal
0,57.02501392364502,31789.299591423944,9858.0,0.1534312520485087,0.16158041606067233
