,CPUTime,OBJ,riderNum,meanVal,stdVal,GAP
0,23724.687729358673,1984.0,496.0,0.5072164948453608,0.3340355919978124,0.05
