,c1CPUTime,c1totalFleet,c1SubFleet,c1TaxiFleet,c1EmptyDis,c1TotalDis,c1TravelTime,c2CPUTime,c2totalFleet,c2SubFleet,c2TaxiFleet,c2EmptyDis,c2TotalDis,c2TravelTime,c3CPUTime,c3totalFleet,c3SubFleet,c3TaxiFleet,c3EmptyDis,c3TotalDis,c3TravelTime,c4CPUTime,c4totalFleet,c4SubFleet,c4TaxiFleet,c4EmptyDis,c4TotalDis,c4TravelTime
0,1090.343275308609,140.0,118.0,22.0,9231.982479866043,27114.008535464796,35565.0,3646.2144119739532,432.0,0.0,432.0,34039.54539437261,73593.99492586697,79015.0,3629.4570569992065,432.0,0.0,432.0,34039.54539437261,73593.99492586697,79015.0,6783.042575836182,638.0,0.0,638.0,47969.805461086136,98477.16541860024,102175.0
