,c1CPUTime,c1totalFleet,c1SubFleet,c1TaxiFleet,c1EmptyDis,c1TotalDis,c1TravelTime,c2CPUTime,c2totalFleet,c2SubFleet,c2TaxiFleet,c2EmptyDis,c2TotalDis,c2TravelTime,c3CPUTime,c3totalFleet,c3SubFleet,c3TaxiFleet,c3EmptyDis,c3TotalDis,c3TravelTime,c4CPUTime,c4totalFleet,c4SubFleet,c4TaxiFleet,c4EmptyDis,c4TotalDis,c4TravelTime
0,10.142627954483032,1996.0,1725.0,271.0,0.0,17882.02605559877,35565.0,116.57285404205322,4756.0,0.0,4756.0,0.0,39554.44953149457,79015.0,113.41727185249329,4756.0,0.0,4756.0,0.0,39554.44953149457,79015.0,135.42811012268066,7120.0,0.0,7120.0,0.0,50507.35995751413,102175.0
