,c1CPUTime,c1totalFleet,c1SubFleet,c1TaxiFleet,c1EmptyDis,c1TotalDis,c1TravelTime,c2CPUTime,c2totalFleet,c2SubFleet,c2TaxiFleet,c2EmptyDis,c2TotalDis,c2TravelTime,c3CPUTime,c3totalFleet,c3SubFleet,c3TaxiFleet,c3EmptyDis,c3TotalDis,c3TravelTime,c4CPUTime,c4totalFleet,c4SubFleet,c4TaxiFleet,c4EmptyDis,c4TotalDis,c4TravelTime
0,777.3339776992798,159.0,123.0,36.0,8651.995241096982,26534.02129669576,35565.0,4380.388474225998,432.0,0.0,432.0,31326.88169161557,70881.33122310997,79015.0,4384.535991430283,432.0,0.0,432.0,31326.88169161557,70881.33122310997,79015.0,5499.915555238724,638.0,0.0,638.0,44191.291828514935,94698.65178602905,102175.0
