,CPUTime,OBJ,riderNum,meanVal,stdVal
0,24.492416381835938,18609.640000000036,1644.0,0.8658536585365854,0.22165829628961387
