,CPUTime,OBJ,riderNum,meanVal,stdVal
0,152.91408896446228,16226.129203752618,4999.0,0.11181506849315069,0.11882198438391459
